{"cameraMode":{"drawMode":0,"name":"Shaded","section":"Shading Mode"},"sceneLighting":false,"audioPlay":false,"sceneViewState":{"showFog":true,"showMaterialUpdate":false,"showSkybox":true,"showFlares":true,"showImageEffects":true,"showParticleSystems":true},"in2DMode":false,"pivot":{"x":0.7999999523162842,"y":5.800000190734863,"z":-27.799999237060548},"rotation":{"x":0.27013304829597475,"y":0.27881568670272829,"z":-0.08205316215753555,"w":0.9179092049598694},"size":4.041658401489258,"orthographic":false}