{"cameraMode":{"drawMode":0,"name":"Shaded","section":"Shading Mode"},"sceneLighting":false,"audioPlay":false,"sceneViewState":{"showFog":true,"showMaterialUpdate":false,"showSkybox":true,"showFlares":true,"showImageEffects":true,"showParticleSystems":true},"in2DMode":false,"pivot":{"x":0.7999999523162842,"y":5.800000190734863,"z":-27.799999237060548},"rotation":{"x":-0.26525235176086428,"y":0.7312728762626648,"z":-0.4007406532764435,"w":-0.4840333163738251},"size":4.041658401489258,"orthographic":false}